id,x,y
IMG4287_3,28.11932192,-73.01728035
IMG4288_5,89.21932192,-35.11728035
IMG4289_5,78.41932192,-41.81728035
IMG4290_4,-32.88067808,18.28271965
IMG4291_5,-87.08067808,128.4827196
IMG4292_3,6.019321918,23.28271965
IMG4293_3,-68.58067808,97.88271965
IMG4294_1,48.71932192,-16.11728035
IMG4295_1,-3.780678081,-65.91728035
IMG4296_1,-158.0806781,17.58271965
IMG4297_4,12.71932192,-70.21728035
IMG4298_1,28.21932192,-12.31728035
IMG4299_3,16.61932192,-37.11728035
IMG4300_5,39.41932192,-14.41728035
IMG4301_3,12.71932192,-75.31728035
IMG4302_2,51.81932192,-66.71728035
IMG4303_2,28.11932192,-73.01728035
IMG4304_5,39.81932192,4.18271965
IMG4305_5,34.51932192,6.282719649
IMG4306_4,33.71932192,6.18271965
IMG4307_4,17.51932192,-70.61728035
IMG4308_3,60.41932192,-55.11728035
IMG4309_1,-26.28067808,15.08271965
IMG4310_4,16.41932192,-0.31728035
IMG4311_4,39.41932192,6.48271965
IMG4312_2,47.31932192,-20.21728035
IMG4313_3,3.019321919,25.58271965
IMG4314_5,-140.7806781,82.48271965
IMG4315_5,10.01932192,34.28271965
IMG4316_2,-90.08067808,19.38271965
IMG4317_2,47.81932192,-61.01728035
IMG4318_2,32.91932192,-27.81728035
IMG4319_2,-97.08067808,33.78271965
IMG4320_2,61.41932192,-65.41728035
IMG4321_5,-49.08067808,9.18271965
IMG4322_4,-40.08067808,19.98271965
IMG4323_2,38.01932192,-74.21728035
IMG4324_5,31.41932192,-24.11728035
IMG4325_4,-135.8806781,100.1827196
IMG4326_5,11.51932192,15.88271965
IMG4327_4,5.719321918,-67.41728035
IMG4328_4,-141.0806781,62.28271965
IMG4329_1,-2.880678082,-45.01728035
IMG4330_4,40.51932192,5.18271965
IMG4331_2,39.51932192,4.48271965
IMG4332_3,63.21932192,-61.01728035
IMG4333_2,-3.680678081,25.48271965
IMG4334_3,59.01932192,-17.91728035
IMG4335_4,64.61932192,-62.41728035
IMG4336_4,57.81932192,-13.51728035
IMG4337_2,46.31932192,-21.71728035
IMG4338_3,29.01932192,-71.11728035
IMG4339_5,-16.48067808,14.38271965
IMG4340_4,51.11932192,2.68271965
IMG4341_5,53.21932192,-52.91728035
IMG4342_5,72.91932192,-40.41728035
IMG4343_5,-35.08067808,18.78271965
IMG4344_5,86.71932192,-24.31728035
IMG4345_3,43.51932192,0.58271965
IMG4346_3,18.01932192,13.48271965
IMG4347_5,-31.28067808,38.98271965
IMG4348_5,36.11932192,1.88271965
IMG4349_5,0.519321918,28.98271965
IMG4350_2,-145.9806781,88.58271965
IMG4351_1,-125.6806781,44.68271965
IMG4352_4,30.11932192,-77.01728035
IMG4353_3,8.819321918,-68.51728035
IMG4354_3,-2.380678082,-61.71728035
IMG4355_2,39.41932192,-14.41728035
IMG4356_2,0.819321919,-73.31728035
IMG4357_5,-58.78067808,34.68271965
IMG4358_2,63.41932192,-65.31728035
IMG4359_3,-55.08067808,25.28271965
IMG4360_4,-55.98067808,17.78271965
IMG4361_4,6.419321919,-64.31728035
IMG4362_2,35.31932192,-26.91728035
IMG4363_2,-10.38067808,36.68271965
IMG4364_1,63.51932192,-55.41728035
IMG4365_4,43.81932192,-1.01728035
IMG4366_1,-3.880678082,-43.31728035
IMG4367_1,56.11932192,-70.21728035
IMG4368_2,5.519321918,22.68271965
IMG4369_4,56.71932192,-14.61728035
IMG4370_4,-54.98067808,20.78271965
IMG4371_1,49.81932192,-32.71728035
IMG4372_3,-95.48067808,107.9827196
IMG4373_1,38.91932192,4.38271965
IMG4374_3,19.01932192,5.58271965
IMG4375_3,48.81932192,10.38271965
IMG4376_2,23.21932192,-3.81728035
IMG4377_1,78.51932192,-24.61728035
IMG4378_3,33.01932192,3.88271965
IMG4379_2,20.91932192,-0.61728035
IMG4380_4,47.81932192,3.28271965
IMG4381_5,13.11932192,-59.41728035
IMG4382_4,51.91932192,-28.91728035
IMG4383_3,-11.78067808,27.48271965
IMG4384_3,53.71932192,-62.91728035
IMG4385_4,21.21932192,-66.31728035
IMG4386_3,27.91932192,-78.01728035
IMG4387_1,-97.68067808,96.08271965
IMG4388_5,9.819321919,31.38271965
IMG4389_5,-72.48067808,35.78271965
IMG4390_3,31.81932192,4.78271965
IMG4391_5,4.219321919,40.88271965
IMG4392_1,-85.38067808,56.68271965
IMG4393_4,24.31932192,-66.71728035
IMG4394_4,-104.7806781,25.48271965
IMG4395_4,54.81932192,-13.61728035
IMG4396_3,-51.38067808,30.08271965
IMG4397_4,-17.68067808,19.08271965
IMG4398_3,21.71932192,-79.61728035
IMG4399_1,44.21932192,-19.31728035
IMG4400_5,-135.8806781,100.1827196
IMG4401_4,44.31932192,-51.61728035
IMG4402_3,-31.38067808,15.08271965
IMG4403_4,52.71932192,-1.21728035
IMG4404_2,-5.680678082,28.38271965
IMG4405_4,-68.98067808,57.58271965
IMG4406_2,57.91932192,-66.21728035
IMG4407_1,14.41932192,27.88271965
IMG4408_4,44.51932192,8.58271965
IMG4409_2,46.31932192,-53.81728035
IMG4410_1,43.81932192,-65.21728035
IMG4411_5,3.019321919,25.58271965
IMG4412_2,-2.380678082,32.88271965
IMG4413_4,11.51932192,15.88271965
IMG4414_2,-81.48067808,59.18271965
IMG4415_2,-100.3806781,24.18271965
IMG4416_5,26.41932192,-3.41728035
IMG4417_4,-5.080678082,-27.01728035
IMG4418_5,-11.78067808,27.48271965
IMG4419_3,-8.980678082,35.48271965
IMG4420_1,66.91932192,-28.21728035
IMG4421_1,48.51932192,2.58271965
IMG4422_2,-47.48067808,-3.91728035
IMG4423_4,-122.4806781,103.3827196
IMG4424_2,46.41932192,-65.21728035
IMG4425_3,52.71932192,2.78271965
IMG4426_5,42.71932192,-19.51728035
IMG4427_3,-122.4806781,103.3827196
IMG4428_5,10.11932192,-65.91728035
IMG4429_2,5.219321919,-64.81728035
IMG4430_4,45.01932192,7.48271965
IMG4431_1,12.71932192,-43.01728035
IMG4432_3,-8.980678082,35.48271965
IMG4433_5,-96.28067808,14.08271965
IMG4434_3,-126.3806781,89.08271965
IMG4435_5,53.81932192,-47.21728035
IMG4436_5,35.61932192,-22.31728035
IMG4437_3,2.519321919,39.88271965
IMG4438_2,17.71932192,-60.61728035
IMG4439_4,43.31932192,9.98271965
IMG4440_4,-103.9806781,95.78271965
IMG4441_3,-124.1806781,117.4827197
IMG4442_5,57.71932192,-53.81728035
IMG4443_4,46.51932192,-17.41728035
IMG4444_5,-99.88067808,35.08271965
IMG4445_3,16.61932192,-37.11728035
IMG4446_5,-6.380678082,37.98271965
IMG4447_4,24.31932192,-66.81728035
IMG4448_3,-163.7806781,78.38271965
IMG4449_3,13.61932192,26.18271965
IMG4450_3,20.91932192,-0.61728035
IMG4451_2,34.81932192,4.78271965
IMG4452_1,11.81932192,-67.21728035
IMG4453_2,-95.78067808,97.18271965
IMG4454_2,-88.98067808,101.1827196
IMG4455_3,-1.880678082,32.68271965
IMG4456_2,35.81932192,-23.71728035
IMG4457_3,-33.68067808,29.98271965
IMG4458_1,-43.38067808,44.68271965
IMG4459_3,-49.88067808,36.28271965
IMG4460_1,33.01932192,-26.91728035
IMG4461_3,18.51932192,27.28271965
IMG4462_3,47.41932192,-53.71728035
IMG4463_1,29.81932192,-73.41728035
IMG4464_3,-42.48067808,1.18271965
IMG4465_3,-147.0806781,11.88271965
IMG4466_1,54.01932192,-2.21728035
IMG4467_4,73.61932192,-36.11728035
IMG4468_3,-143.8806781,97.38271965
IMG4469_4,-68.18067808,95.98271965
IMG4470_1,47.51932192,-52.71728035
IMG4471_5,66.21932192,-63.71728035
IMG4472_2,-72.48067808,35.78271965
IMG4473_1,4.219321919,24.08271965
IMG4474_4,55.41932192,-48.31728035
IMG4475_4,-92.18067808,99.08271965
IMG4476_4,48.01932192,1.18271965
IMG4477_2,-158.3806781,19.78271965
IMG4478_2,24.11932192,22.38271965
IMG4479_5,-152.1806781,85.38271965
IMG4480_2,-48.48067808,-1.91728035
IMG4481_2,6.619321918,38.38271965
IMG4482_3,-109.0806781,85.28271965
IMG4483_1,31.41932192,-74.61728035
IMG4484_2,64.41932192,-65.91728035
IMG4485_3,79.31932192,-48.11728035
IMG4486_2,30.01932192,-42.51728035
IMG4487_4,67.21932192,-29.01728035
IMG4488_4,25.61932192,-5.91728035
IMG4489_5,46.81932192,-53.01728035
IMG4490_1,6.619321918,38.38271965
IMG4491_3,-4.080678082,25.18271965
IMG4492_4,45.51932192,-22.71728035
IMG4493_3,39.81932192,4.18271965
IMG4494_5,7.819321918,-63.61728035
IMG4495_2,-136.5806781,38.38271965
IMG4496_5,-28.28067808,41.88271965
IMG4497_1,-118.1806781,97.98271965
IMG4498_3,31.71932192,-23.31728035
IMG4499_3,-1.880678082,32.68271965
IMG4500_3,51.81932192,-66.71728035
IMG4501_5,5.619321918,-69.21728035
IMG4502_2,-35.58067808,45.38271965
IMG4503_3,16.11932192,9.48271965
IMG4504_3,66.11932192,-41.51728035
IMG4505_4,44.81932192,-81.71728035
IMG4506_4,-105.7806781,87.58271965
IMG4507_3,31.11932192,-74.91728035
IMG4508_2,10.11932192,-65.91728035
IMG4509_2,22.01932192,-71.71728035
IMG4510_5,14.81932192,32.78271965
IMG4511_3,43.31932192,-19.81728035
IMG4512_2,-95.28067808,61.48271965
IMG4513_1,17.51932192,-4.417280351
IMG4514_2,73.61932192,-35.51728035
IMG4515_1,-83.38067808,57.98271965
IMG4516_2,8.219321919,41.48271965
IMG4517_2,62.21932192,-47.41728035
IMG4518_2,0.919321919,27.88271965
IMG4519_5,58.81932192,-69.61728035
IMG4520_5,-135.8806781,100.1827196
IMG4521_2,55.31932192,-16.71728035
IMG4522_4,46.71932192,-65.71728035
IMG4523_2,37.31932192,7.88271965
IMG4524_2,-141.8806781,98.48271965
IMG4525_3,19.81932192,-68.81728035
IMG4526_5,21.21932192,-70.11728035
IMG4527_3,45.41932192,2.38271965
IMG4528_4,45.01932192,-51.51728035
IMG4529_2,54.01932192,-48.71728035
IMG4530_3,54.81932192,-18.01728035
IMG4531_1,-38.18067808,55.58271965
IMG4532_4,21.91932192,2.38271965
IMG4533_3,37.51932192,-26.81728035
IMG4534_5,64.51932192,-28.31728035
IMG4535_3,9.619321918,6.48271965
IMG4536_5,11.81932192,-64.21728035
IMG4537_2,45.01932192,-51.51728035
IMG4538_4,81.21932192,-33.21728035
IMG4539_1,41.31932192,9.68271965
IMG4540_3,2.519321919,-61.11728035
IMG4541_3,7.119321918,20.68271965
IMG4542_1,13.81932192,-75.51728035
IMG4543_1,-78.28067808,139.3827196
IMG4544_3,-95.98067808,11.78271965
IMG4545_5,16.91932192,-71.01728035
IMG4546_1,36.41932192,-23.61728035
IMG4547_5,53.21932192,-52.91728035
IMG4548_5,49.41932192,-0.51728035
IMG4549_1,53.81932192,-47.21728035
IMG4550_4,-85.98067808,115.7827197
IMG4551_4,-90.88067808,13.38271965
IMG4552_2,32.11932192,-75.71728035
IMG4553_1,20.01932192,-60.71728035
IMG4554_5,-132.3806781,111.0827196
IMG4555_5,6.519321919,-8.41728035
IMG4556_3,16.91932192,13.68271965
IMG4557_2,-121.9806781,83.88271965
IMG4558_2,21.81932192,21.38271965
IMG4559_4,-138.0806781,107.3827196
IMG4560_2,36.41932192,-23.61728035
IMG4561_4,43.61932192,8.08271965
IMG4562_5,43.81932192,8.08271965
IMG4563_1,-132.3806781,111.0827196
IMG4564_5,-53.58067808,37.78271965
IMG4565_4,-122.2806781,26.88271965
IMG4566_3,45.41932192,2.38271965
IMG4567_1,-111.6806781,114.3827197
IMG4568_2,-156.6806781,11.38271965
IMG4569_3,-27.38067808,28.98271965
IMG4570_1,-33.08067808,41.98271965
IMG4571_4,-98.88067808,41.38271965
IMG4572_1,-91.38067808,136.9827196
IMG4573_5,42.71932192,-54.21728035
IMG4574_2,89.21932192,-35.11728035
IMG4575_1,-38.18067808,55.58271965
IMG4576_2,78.41932192,-41.81728035
IMG4577_3,48.41932192,-8.71728035
IMG4578_3,10.91932192,37.38271965
IMG4579_4,54.81932192,-13.61728035
IMG4580_1,7.619321919,-54.31728035
IMG4581_2,2.419321919,29.58271965
IMG4582_5,-17.68067808,19.08271965
IMG4583_1,-65.28067808,42.08271965
IMG4584_2,59.51932192,-59.11728035
IMG4585_5,-59.98067808,38.08271965
IMG4586_3,7.219321918,22.38271965
IMG4587_4,10.21932192,-54.01728035
IMG4588_4,11.21932192,-57.31728035
IMG4589_3,32.61932192,-1.41728035
IMG4590_1,21.21932192,-66.31728035
IMG4591_1,12.91932192,29.68271965
IMG4592_5,29.71932192,-2.11728035
IMG4593_4,16.61932192,-66.41728035
IMG4594_4,-68.98067808,57.58271965
IMG4595_1,42.71932192,-54.21728035
IMG4596_4,-11.18067808,35.88271965
IMG4597_4,-65.78067808,85.08271965
IMG4598_3,-60.78067808,69.28271965
IMG4599_1,31.41932192,-74.61728035
IMG4600_5,81.11932192,-28.41728035
IMG4601_1,56.71932192,-13.31728035
IMG4602_4,-122.2806781,26.88271965
IMG4603_2,1.419321919,-64.71728035
IMG4604_5,63.61932192,-56.81728035
IMG4605_2,-124.6806781,93.88271965
IMG4606_3,-125.7806781,39.08271965
IMG4607_2,47.51932192,-52.71728035
IMG4608_5,58.81932192,-15.11728035
IMG4609_3,-3.880678082,34.08271965
IMG4610_1,59.01932192,-17.91728035
IMG4611_5,-35.58067808,45.38271965
IMG4612_3,-154.4806781,16.58271965
IMG4613_3,44.91932192,11.88271965
IMG4614_4,-5.680678082,24.98271965
IMG4615_1,56.11932192,-51.11728035
IMG4616_5,-47.28067808,48.28271965
IMG4617_2,5.519321918,-63.71728035
IMG4618_5,-95.08067808,50.98271965
IMG4619_5,32.01932192,-26.71728035
IMG4620_1,19.01932192,-48.41728035
IMG4621_1,6.619321918,38.38271965
IMG4622_1,-26.18067808,8.98271965
IMG4623_2,31.81932192,4.78271965
IMG4624_4,57.61932192,-14.21728035
IMG4625_2,-163.7806781,78.38271965
IMG4626_3,51.11932192,7.08271965
IMG4627_3,8.419321918,18.88271965
IMG4628_2,10.21932192,-54.01728035
IMG4629_3,-99.08067808,32.08271965
IMG4630_1,-3.680678081,25.48271965
IMG4631_2,74.11932192,-25.61728035
IMG4632_2,40.51932192,5.18271965
IMG4633_3,-10.18067808,-25.01728035
IMG4634_3,26.71932192,-15.31728035
IMG4635_3,51.31932192,-24.61728035
IMG4636_3,89.21932192,-35.11728035
IMG4637_1,29.71932192,-2.11728035
IMG4638_3,-147.3806781,6.282719649
IMG4639_2,-103.3806781,39.38271965
IMG4640_2,-28.88067808,51.68271965
IMG4641_2,69.01932192,-34.71728035
IMG4642_4,54.81932192,-18.01728035
IMG4643_2,-104.7806781,25.48271965
IMG4644_5,44.91932192,12.68271965
IMG4645_4,28.21932192,-12.31728035
IMG4646_2,-119.6806781,47.98271965
IMG4647_4,-4.380678082,32.18271965
IMG4648_2,42.71932192,-19.51728035
IMG4649_1,58.71932192,-56.71728035
IMG4650_4,42.71932192,-54.21728035
IMG4651_3,10.31932192,36.28271965
IMG4652_1,15.91932192,-61.51728035
IMG4653_3,-54.78067808,34.58271965
IMG4654_4,18.81932192,20.58271965
IMG4655_3,13.91932192,28.38271965
IMG4656_2,71.21932192,-33.91728035
IMG4657_5,-58.38067808,39.08271965
IMG4658_4,60.41932192,-68.31728035
IMG4659_2,55.01932192,-69.21728035
IMG4660_5,-19.58067808,32.08271965
IMG4661_3,-49.08067808,9.18271965
IMG4662_2,20.71932192,25.08271965
IMG4663_2,44.71932192,9.78271965
IMG4664_3,-26.98067808,53.08271965
IMG4665_4,17.71932192,-60.61728035
IMG4666_2,56.91932192,-69.11728035
IMG4667_1,54.41932192,3.28271965
IMG4668_4,32.01932192,-26.71728035
IMG4669_2,20.41932192,-65.81728035
IMG4670_3,-1.280678082,36.88271965
IMG4671_4,-150.2806781,3.58271965
IMG4672_2,82.71932192,-23.21728035
IMG4673_1,-109.0806781,85.28271965
IMG4674_3,54.01932192,-48.71728035
IMG4675_2,59.91932192,-55.11728035
IMG4676_2,32.21932192,-24.21728035
IMG4677_2,-98.88067808,138.7827196
IMG4678_1,-52.38067808,56.88271965
IMG4679_2,36.11932192,1.88271965
IMG4680_1,-19.58067808,32.08271965
IMG4681_4,50.21932192,-18.51728035
IMG4682_2,9.719321919,39.08271965
IMG4683_4,56.01932192,-16.71728035
IMG4684_1,-68.98067808,57.58271965
IMG4685_2,-81.48067808,59.18271965
IMG4686_1,64.11932192,-63.51728035
IMG4687_3,17.51932192,-70.61728035
IMG4688_2,-127.7806781,104.9827196
IMG4689_4,-33.08067808,41.98271965
IMG4690_3,-38.28067808,44.28271965
IMG4691_2,-4.180678081,31.28271965
IMG4692_1,-56.18067808,0.18271965
IMG4693_5,-144.2806781,7.382719649
IMG4694_2,63.81932192,-27.51728035
IMG4695_1,25.41932192,-8.01728035
IMG4696_1,26.51932192,-68.11728035
IMG4697_2,56.71932192,-13.31728035
IMG4698_4,10.31932192,-72.41728035
IMG4699_1,42.51932192,-12.01728035
IMG4700_5,5.119321918,-68.31728035
IMG4701_4,-2.680678081,-66.21728035
IMG4702_4,37.71932192,-42.91728035
IMG4703_1,19.41932192,-65.21728035
IMG4704_3,-108.6806781,122.0827196
IMG4705_4,17.01932192,-64.91728035
IMG4706_5,52.41932192,-49.11728035
IMG4707_2,11.81932192,-64.21728035
IMG4708_1,67.41932192,-63.01728035
IMG4709_5,-119.8806781,44.78271965
IMG4710_3,21.11932192,-70.01728035
IMG4711_4,-59.98067808,38.08271965
IMG4712_3,21.21932192,-66.31728035
IMG4713_3,7.419321918,19.98271965
IMG4714_3,44.01932192,-11.11728035
IMG4715_2,-118.3806781,68.38271965
IMG4716_1,-55.08067808,25.28271965
IMG4717_4,14.31932192,-61.81728035
IMG4718_2,48.51932192,2.58271965
IMG4719_5,38.91932192,4.38271965
IMG4720_1,-2.480678081,-71.91728035
IMG4721_3,3.519321919,-68.71728035
IMG4722_2,-51.68067808,46.08271965
IMG4723_1,55.71932192,-54.61728035
IMG4724_3,83.61932192,-31.81728035
IMG4725_1,46.41932192,-65.21728035
IMG4726_2,-49.68067808,18.48271965
IMG4727_4,-87.68067808,125.3827196
IMG4728_1,-9.280678081,28.78271965
IMG4729_4,-50.88067808,14.28271965
IMG4730_3,54.91932192,-5.11728035
IMG4731_2,59.41932192,-57.71728035
IMG4732_3,42.11932192,8.78271965
IMG4733_4,36.81932192,3.88271965
IMG4734_5,21.81932192,21.38271965
IMG4735_3,69.01932192,-34.71728035
IMG4736_2,-119.5806781,102.1827196
IMG4737_5,28.61932192,-70.01728035
IMG4738_2,-20.98067808,26.18271965
IMG4739_3,21.01932192,-63.91728035
IMG4740_1,71.31932192,-31.61728035
IMG4741_4,0.019321918,35.28271965
IMG4742_4,5.719321918,-67.41728035
IMG4743_5,-22.38067808,27.68271965
IMG4744_4,44.81932192,-23.11728035
IMG4745_1,-54.08067808,59.58271965
IMG4746_2,-40.48067808,22.18271965
IMG4747_2,4.219321919,24.08271965
IMG4748_4,70.61932192,-35.71728035
IMG4749_1,-144.9806781,4.48271965
IMG4750_3,30.81932192,-25.51728035
IMG4751_2,-26.18067808,8.98271965
IMG4752_4,56.11932192,-70.21728035
IMG4753_2,44.81932192,-21.21728035
IMG4754_4,-28.28067808,41.88271965
IMG4755_2,56.41932192,-52.21728035
IMG4756_2,44.31932192,-53.81728035
IMG4757_3,56.11932192,-51.11728035
IMG4758_5,24.61932192,-76.41728035
IMG4759_5,-17.78067808,4.882719649
IMG4760_2,-87.68067808,125.3827196
IMG4761_3,-34.28067808,57.78271965
IMG4762_1,6.619321918,38.38271965
IMG4763_4,51.91932192,3.68271965
IMG4764_4,61.51932192,-60.51728035
IMG4765_5,47.91932192,-20.71728035
IMG4766_4,42.41932192,4.08271965
IMG4767_5,-107.2806781,90.38271965
IMG4768_2,-140.2806781,60.58271965
IMG4769_1,-60.88067808,31.28271965
IMG4770_1,43.71932192,-52.31728035
IMG4771_4,-11.68067808,-21.11728035
IMG4772_3,-124.4806781,113.0827196
IMG4773_1,-38.28067808,44.28271965
IMG4774_2,71.21932192,-33.91728035
IMG4775_2,-3.380678082,-68.31728035
IMG4776_4,59.41932192,-13.41728035
IMG4777_2,19.11932192,-60.91728035
IMG4778_1,8.419321918,18.88271965
IMG4779_3,28.21932192,-12.31728035
IMG4780_1,-95.28067808,37.28271965
IMG4781_1,54.81932192,-46.11728035
IMG4782_2,-5.580678082,23.08271965
IMG4783_2,12.21932192,37.08271965
IMG4784_1,34.31932192,-27.41728035
IMG4785_2,-22.68067808,35.98271965
IMG4786_5,-90.88067808,13.38271965
IMG4787_4,-135.8806781,100.1827196
IMG4788_2,68.41932192,-32.91728035
IMG4789_2,63.41932192,-57.31728035
IMG4790_4,-98.88067808,41.38271965
IMG4791_5,43.81932192,-65.21728035
IMG4792_3,-11.98067808,-6.117280351
IMG4793_1,2.419321919,29.58271965
IMG4794_4,-83.58067808,120.0827196
IMG4795_2,-4.380678082,32.18271965
IMG4796_5,57.01932192,-53.21728035
IMG4797_4,1.819321919,-72.11728035
IMG4798_1,48.51932192,2.58271965
IMG4799_1,-94.68067808,101.5827196
IMG4800_3,28.21932192,-12.31728035
IMG4801_2,56.11932192,-51.11728035
IMG4802_3,23.21932192,-3.81728035
IMG4803_5,19.21932192,27.68271965
IMG4804_2,48.81932192,10.38271965
IMG4805_5,64.41932192,-65.91728035
IMG4806_1,4.219321919,24.08271965
IMG4807_5,-52.38067808,2.98271965
IMG4808_2,22.51932192,23.78271965
IMG4809_3,-14.98067808,-2.717280351
IMG4810_1,9.719321919,-26.21728035
IMG4811_3,11.51932192,-5.817280351
IMG4812_4,10.01932192,-58.01728035
IMG4813_3,-130.4806781,67.58271965
IMG4814_1,68.41932192,-32.91728035
IMG4815_5,-154.4806781,16.58271965
IMG4816_2,52.71932192,-1.21728035
IMG4817_5,-22.68067808,28.38271965
IMG4818_2,-5.680678082,24.98271965
IMG4819_1,-134.6806781,78.48271965
IMG4820_4,-65.08067808,32.38271965
IMG4821_1,62.31932192,-22.01728035
IMG4822_2,46.91932192,-51.51728035
IMG4823_2,43.31932192,-19.51728035
IMG4824_1,-126.3806781,89.08271965
IMG4825_4,-5.080678082,-27.01728035
IMG4826_3,0.419321918,-66.71728035
IMG4827_2,42.51932192,-12.01728035
IMG4828_4,48.31932192,-16.41728035
IMG4829_4,10.01932192,-58.01728035
IMG4830_4,45.01932192,7.48271965
IMG4831_1,18.51932192,24.78271965
IMG4832_4,-9.280678081,28.78271965
IMG4833_5,20.11932192,19.18271965
IMG4834_3,46.91932192,4.38271965
IMG4835_2,24.71932192,-80.01728035
IMG4836_4,10.01932192,-65.21728035
IMG4837_2,11.51932192,15.88271965
IMG4838_2,-3.880678082,34.08271965
IMG4839_2,60.01932192,-67.01728035
IMG4840_2,73.61932192,-35.51728035
IMG4841_4,-60.78067808,69.28271965
IMG4842_5,53.71932192,-12.11728035
IMG4843_1,10.31932192,34.38271965
IMG4844_4,40.71932192,10.28271965
IMG4845_5,-127.7806781,97.48271965
IMG4846_5,54.01932192,-11.91728035
IMG4847_3,-150.3806781,10.88271965
IMG4848_2,16.61932192,-66.41728035
IMG4849_4,-32.48067808,21.58271965
IMG4850_1,51.71932192,-48.41728035
IMG4851_4,18.01932192,-42.81728035
IMG4852_1,48.31932192,-16.41728035
IMG4853_4,17.41932192,-65.81728035
IMG4854_1,-100.3806781,24.18271965
IMG4855_4,15.91932192,-61.51728035
IMG4856_5,-78.28067808,139.3827196
IMG4857_4,46.61932192,-19.41728035
IMG4858_3,-73.88067808,123.5827196
IMG4859_1,32.71932192,2.48271965
IMG4860_5,-127.7806781,97.48271965
IMG4861_4,45.21932192,5.68271965
IMG4862_3,-26.18067808,8.98271965
IMG4863_2,62.21932192,-47.41728035
IMG4864_5,-94.68067808,136.7827196
IMG4865_2,-5.580678082,23.08271965
IMG4866_3,-5.580678082,21.18271965
IMG4867_5,51.81932192,-66.71728035
IMG4868_3,20.01932192,-2.717280351
IMG4869_5,63.41932192,-35.91728035
IMG4870_4,10.01932192,34.28271965
IMG4871_1,37.01932192,-15.81728035
IMG4872_1,13.11932192,-59.41728035
IMG4873_5,-72.48067808,35.78271965
IMG4874_3,24.11932192,22.38271965
IMG4875_3,24.61932192,-56.31728035
IMG4876_3,22.51932192,23.78271965
IMG4877_5,-68.98067808,57.58271965
IMG4878_1,9.719321919,-26.21728035
IMG4879_5,50.51932192,-17.51728035
IMG4880_1,33.51932192,-22.01728035
IMG4881_4,-22.38067808,27.68271965
IMG4882_5,-22.68067808,28.38271965
IMG4883_2,66.01932192,-26.51728035
IMG4884_1,39.51932192,4.48271965
IMG4885_5,47.71932192,-15.41728035
IMG4886_1,-33.08067808,-11.21728035
IMG4887_3,31.11932192,-74.91728035
IMG4888_3,-19.38067808,23.18271965
IMG4889_5,54.01932192,-2.21728035
IMG4890_1,-0.780678081,-21.31728035
IMG4891_5,42.51932192,10.88271965
IMG4892_3,38.21932192,3.98271965
IMG4893_2,30.01932192,-42.51728035
IMG4894_1,44.51932192,8.58271965
IMG4895_5,69.21932192,-32.41728035
IMG4896_1,51.91932192,1.68271965
IMG4897_1,12.51932192,-61.71728035
IMG4898_5,-132.4806781,75.88271965
IMG4899_3,44.31932192,-79.11728035
IMG4900_4,-63.48067808,80.18271965
IMG4901_5,9.419321918,33.58271965
IMG4902_2,-11.18067808,35.88271965
IMG4903_2,3.419321918,30.58271965
IMG4904_4,-31.28067808,38.98271965
IMG4905_2,42.51932192,-12.01728035
IMG4906_3,55.41932192,-48.31728035
IMG4907_3,-91.48067808,133.5827196
IMG4908_3,41.11932192,-42.51728035
IMG4909_5,69.01932192,-34.71728035
IMG4910_2,68.01932192,-63.61728035
IMG4911_5,-91.38067808,136.9827196
IMG4912_5,35.81932192,-23.71728035
IMG4913_3,64.11932192,-60.41728035
IMG4914_5,-50.88067808,8.08271965
IMG4915_2,-29.58067808,37.58271965
IMG4916_3,-119.5806781,102.1827196
IMG4917_3,20.01932192,27.08271965
IMG4918_3,42.71932192,10.98271965
IMG4919_4,43.31932192,9.98271965
IMG4920_4,-0.680678082,-68.61728035
IMG4921_1,-5.380678081,28.98271965
IMG4922_4,17.51932192,-70.61728035
IMG4923_2,14.71932192,25.48271965
IMG4924_4,-123.9806781,40.38271965
IMG4925_5,60.41932192,-53.41728035
IMG4926_5,31.21932192,2.98271965
IMG4927_1,14.21932192,30.88271965
IMG4928_3,79.31932192,-48.11728035
IMG4929_5,9.319321919,-57.41728035
IMG4930_4,-2.680678081,7.08271965
IMG4931_3,-121.2806781,119.8827196
IMG4932_2,-127.7806781,97.48271965
IMG4933_3,-9.280678081,28.78271965
IMG4934_5,19.71932192,-67.51728035
IMG4935_4,11.71932192,29.58271965
IMG4936_5,-121.6806781,38.68271965
IMG4937_5,55.21932192,-46.91728035
IMG4938_5,49.81932192,-48.81728035
IMG4939_1,-61.48067808,65.88271965
IMG4940_5,-126.8806781,115.2827196
IMG4941_1,-3.680678081,-14.21728035
IMG4942_4,18.01932192,-42.81728035
IMG4943_3,0.019321918,35.28271965
IMG4944_1,1.019321918,34.48271965
IMG4945_5,-83.38067808,57.98271965
IMG4946_5,57.01932192,-15.51728035
IMG4947_3,50.41932192,-48.71728035
IMG4948_4,70.01932192,-27.51728035
IMG4949_2,-171.1806781,73.78271965
IMG4950_2,12.41932192,-51.71728035
IMG4951_1,6.419321919,-64.31728035
IMG4952_5,11.81932192,-64.21728035
IMG4953_3,13.31932192,26.68271965
IMG4954_5,-11.18067808,35.88271965
IMG4955_2,51.81932192,-66.71728035
IMG4956_4,55.41932192,-50.81728035
IMG4957_5,30.41932192,-73.51728035
IMG4958_2,11.51932192,28.88271965
IMG4959_1,10.11932192,17.08271965
IMG4960_2,-2.380678082,-57.01728035
IMG4961_4,-171.1806781,73.78271965
IMG4962_4,44.81932192,-23.11728035
IMG4963_3,6.419321919,-64.31728035
IMG4964_3,-94.68067808,136.7827196
IMG4965_1,42.71932192,10.98271965
IMG4966_3,78.51932192,-24.61728035
IMG4967_5,-95.78067808,97.18271965
IMG4968_4,-11.18067808,-23.11728035
IMG4969_4,-98.88067808,138.7827196
IMG4970_5,38.91932192,8.08271965
IMG4971_5,19.61932192,19.68271965
IMG4972_4,43.51932192,12.48271965
IMG4973_1,58.81932192,-14.51728035
IMG4974_2,-4.080678082,-16.21728035
IMG4975_3,26.11932192,-77.51728035
IMG4976_1,55.71932192,-62.71728035
IMG4977_3,-1.880678082,32.68271965
IMG4978_2,33.71932192,6.18271965
IMG4979_4,-45.48067808,-2.61728035
IMG4980_5,-171.1806781,73.78271965
IMG4981_3,4.219321919,24.08271965
IMG4982_5,-23.48067808,15.98271965
IMG4983_2,7.819321918,-63.61728035
IMG4984_2,16.91932192,13.68271965
IMG4985_4,-63.18067808,59.88271965
IMG4986_3,50.51932192,5.68271965
IMG4987_3,-140.3806781,10.08271965
IMG4988_2,-1.280678082,38.08271965
IMG4989_4,-171.1806781,73.78271965
IMG4990_2,-63.18067808,59.88271965
IMG4991_4,-111.3806781,87.98271965
IMG4992_5,40.41932192,-21.01728035
IMG4993_1,7.819321918,-63.61728035
IMG4994_5,83.81932192,-20.91728035
IMG4995_2,43.81932192,-65.21728035
IMG4996_5,-125.0806781,106.4827196
IMG4997_3,7.819321918,-63.61728035
IMG4998_2,56.71932192,-14.61728035
IMG4999_1,-56.88067808,35.28271965
IMG5000_5,54.91932192,-5.11728035
IMG5001_1,42.71932192,-54.21728035
IMG5002_3,30.81932192,-25.51728035
IMG5003_5,13.61932192,-31.71728035
IMG5004_4,43.71932192,6.98271965
IMG5005_5,-94.68067808,136.7827196
IMG5006_3,-85.38067808,56.68271965
IMG5007_5,17.51932192,-4.417280351
IMG5008_3,-7.780678082,28.58271965
IMG5009_3,-129.4806781,42.48271965
IMG5010_1,47.81932192,3.28271965
IMG5011_2,-147.9806781,102.0827196
IMG5012_2,-0.880678081,-71.01728035
IMG5013_4,52.71932192,2.78271965
IMG5014_2,42.41932192,4.08271965
IMG5015_4,19.01932192,24.18271965
IMG5016_3,-109.2806781,48.58271965
IMG5017_3,74.01932192,-23.01728035
IMG5018_3,-134.6806781,78.48271965
IMG5019_2,12.51932192,-61.71728035
IMG5020_3,-76.88067808,135.3827196
IMG5021_1,54.81932192,-13.61728035
IMG5022_5,15.21932192,32.38271965
IMG5023_4,33.31932192,-75.21728035
IMG5024_5,63.51932192,-55.41728035
IMG5025_5,-119.3806781,18.98271965
IMG5026_5,32.61932192,-25.31728035
IMG5027_5,45.31932192,10.58271965
IMG5028_5,45.61932192,-0.71728035
IMG5029_1,66.81932192,-24.81728035
IMG5030_2,23.01932192,-76.41728035
IMG5031_3,49.41932192,4.98271965
IMG5032_2,-54.68067808,49.68271965
IMG5033_2,-69.78067808,107.0827197
IMG5034_5,-98.88067808,41.38271965
IMG5035_3,49.81932192,-48.81728035
IMG5036_3,14.81932192,32.78271965
IMG5037_5,-66.68067808,58.48271965
IMG5038_1,14.51932192,-57.41728035
IMG5039_3,-145.7806781,105.9827196
IMG5040_3,-24.88067808,51.18271965
IMG5041_1,-59.98067808,38.08271965
IMG5042_2,3.719321919,24.68271965
IMG5043_1,89.21932192,-35.11728035
IMG5044_1,11.51932192,-5.817280351
IMG5045_4,37.71932192,-25.81728035
IMG5046_1,43.81932192,-65.21728035
IMG5047_3,36.81932192,5.982719649
IMG5048_2,32.61932192,-1.41728035
IMG5049_2,46.81932192,-53.01728035
IMG5050_1,35.11932192,5.88271965
IMG5051_5,-93.18067808,57.28271965
IMG5052_4,44.51932192,-22.71728035
IMG5053_3,17.81932192,-59.01728035
IMG5054_2,9.419321918,-66.61728035
IMG5055_4,37.11932192,2.48271965
IMG5056_4,43.21932192,-16.91728035
IMG5057_4,31.81932192,4.78271965
IMG5058_4,67.61932192,-26.31728035
IMG5059_1,53.01932192,3.78271965
IMG5060_3,33.31932192,-75.21728035
IMG5061_1,-53.48067808,51.48271965
IMG5062_2,-115.1806781,85.68271965
IMG5063_3,-102.0806781,96.88271965
IMG5064_3,43.71932192,-52.31728035
IMG5065_3,17.71932192,-60.61728035
IMG5066_4,-35.08067808,27.08271965
IMG5067_4,-91.38067808,136.9827196
IMG5068_3,-66.68067808,58.48271965
IMG5069_4,32.11932192,-26.01728035
IMG5070_3,50.41932192,-48.71728035
IMG5071_2,36.81932192,3.88271965
IMG5072_4,-25.88067808,32.28271965
IMG5073_5,7.019321919,42.38271965
IMG5074_4,14.41932192,31.58271965
IMG5075_3,-117.6806781,45.78271965
IMG5076_2,-117.6806781,45.78271965
IMG5077_3,46.41932192,-65.21728035
IMG5078_2,46.81932192,-50.11728035
IMG5079_5,21.21932192,-70.11728035
IMG5080_5,15.31932192,31.78271965
IMG5081_5,56.81932192,-10.21728035
IMG5082_3,-43.38067808,44.68271965
IMG5083_1,45.31932192,10.58271965
IMG5084_3,63.61932192,-56.81728035
IMG5085_2,-52.38067808,2.98271965
IMG5086_1,17.51932192,10.48271965
IMG5087_5,47.31932192,-20.21728035
IMG5088_1,27.21932192,-4.01728035
IMG5089_1,5.119321918,-10.11728035
IMG5090_1,-111.3806781,87.98271965
IMG5091_4,42.71932192,-54.21728035
IMG5092_2,-142.3806781,9.082719649
IMG5093_5,44.21932192,12.78271965
IMG5094_4,-117.3806781,57.38271965
IMG5095_4,35.51932192,6.88271965
IMG5096_4,11.81932192,-64.21728035
IMG5097_1,50.41932192,-48.71728035
IMG5098_1,54.91932192,-5.11728035
IMG5099_5,-134.6806781,78.48271965
IMG5100_5,-72.68067808,118.6827196
IMG5101_5,-11.98067808,-6.117280351
IMG5102_3,19.81932192,-68.81728035
IMG5103_4,44.81932192,13.18271965
IMG5104_5,55.51932192,-47.51728035
IMG5105_5,29.51932192,-11.21728035
IMG5106_1,-171.1806781,73.78271965
IMG5107_5,29.11932192,-75.81728035
IMG5108_5,48.41932192,-8.71728035
IMG5109_3,-49.68067808,44.08271965
IMG5110_3,66.11932192,-41.51728035
IMG5111_2,54.61932192,-61.41728035
IMG5112_5,3.419321918,-69.11728035
IMG5113_4,37.01932192,-15.81728035
IMG5114_1,18.01932192,-42.81728035
IMG5115_1,12.41932192,-51.71728035
IMG5116_3,38.21932192,3.98271965
IMG5117_4,9.419321918,-66.61728035
IMG5118_1,8.419321918,18.88271965
IMG5119_1,-89.88067808,131.8827196
IMG5120_4,48.41932192,-8.71728035
IMG5121_4,-3.680678081,-14.21728035
IMG5122_5,-10.08067808,-9.01728035
IMG5123_2,15.81932192,31.98271965
IMG5124_3,66.51932192,-44.01728035
IMG5125_2,-116.9806781,84.48271965
IMG5126_3,-32.38067808,56.48271965
IMG5127_2,45.01932192,7.48271965
IMG5128_2,30.01932192,-42.51728035
IMG5129_5,28.41932192,-60.91728035
IMG5130_5,10.91932192,37.38271965
IMG5131_3,17.51932192,-4.417280351
IMG5132_4,12.21932192,37.08271965
IMG5133_2,18.81932192,24.38271965
IMG5134_2,-29.58067808,37.58271965
IMG5135_5,14.21932192,-24.91728035
IMG5136_5,20.51932192,-75.51728035
IMG5137_1,-106.3806781,31.98271965
IMG5138_4,51.71932192,-48.41728035
IMG5139_1,34.91932192,-29.01728035
IMG5140_5,45.11932192,-11.21728035
IMG5141_2,47.51932192,-52.71728035
IMG5142_2,-13.38067808,26.38271965
IMG5143_5,8.819321918,-23.61728035
IMG5144_4,34.01932192,3.88271965
IMG5145_3,-55.08067808,25.28271965
IMG5146_3,-10.18067808,38.08271965
IMG5147_1,66.91932192,-28.21728035
IMG5148_2,-111.3806781,87.98271965
IMG5149_3,23.71932192,0.18271965
IMG5150_1,14.71932192,25.48271965
IMG5151_1,66.61932192,-63.11728035
IMG5152_3,29.81932192,3.08271965
IMG5153_3,43.31932192,-19.51728035
IMG5154_5,0.419321918,33.78271965
IMG5155_1,-11.78067808,27.48271965
IMG5156_3,18.01932192,-42.81728035
IMG5157_5,9.419321918,-66.61728035
IMG5158_1,-1.880678082,32.68271965
IMG5159_4,-43.88067808,41.88271965
IMG5160_5,10.81932192,34.78271965
IMG5161_4,39.51932192,-11.41728035
IMG5162_3,-2.480678081,-71.91728035
IMG5163_4,52.41932192,-61.41728035
IMG5164_1,21.71932192,-79.61728035
IMG5165_1,3.519321919,35.68271965
IMG5166_1,1.019321918,34.48271965
IMG5167_5,74.01932192,-23.01728035
IMG5168_3,-0.780678081,-71.41728035
IMG5169_2,-51.38067808,30.08271965
IMG5170_5,-132.4806781,75.88271965
IMG5171_3,30.31932192,-73.01728035
IMG5172_4,-0.680678082,23.28271965
IMG5173_3,-33.08067808,-11.21728035
IMG5174_5,48.71932192,-53.21728035
IMG5175_2,15.51932192,-73.81728035
IMG5176_3,-28.28067808,41.88271965
IMG5177_1,3.419321918,30.58271965
IMG5178_3,-49.68067808,18.48271965
IMG5179_1,43.81932192,8.08271965
IMG5180_4,-9.680678082,38.38271965
IMG5181_2,-1.280678082,38.08271965
IMG5182_1,18.61932192,-66.61728035
IMG5183_1,-103.2806781,56.78271965
IMG5184_1,54.81932192,-46.11728035
IMG5185_3,15.61932192,28.78271965
IMG5186_5,-111.8806781,120.0827196
IMG5187_2,-98.48067808,59.58271965
IMG5188_2,-118.3806781,68.38271965
IMG5189_3,48.61932192,-6.117280351
IMG5190_3,45.11932192,-11.21728035
IMG5191_4,42.51932192,10.88271965
IMG5192_3,-2.980678082,26.08271965
IMG5193_5,-19.38067808,23.18271965
IMG5194_1,-15.48067808,-22.01728035
IMG5195_5,5.119321918,-25.01728035
IMG5196_5,-26.28067808,15.08271965
IMG5197_3,55.71932192,-45.21728035
IMG5198_2,-156.2806781,7.382719649
IMG5199_5,42.41932192,-12.71728035
IMG5200_2,64.71932192,-24.91728035
IMG5201_5,5.519321918,22.68271965
IMG5202_5,39.81932192,4.18271965
IMG5203_5,55.91932192,-70.71728035
IMG5204_2,51.41932192,-60.11728035
IMG5205_3,-94.68067808,136.7827196
IMG5206_2,11.71932192,33.58271965
IMG5207_1,13.91932192,-58.71728035
IMG5208_3,41.91932192,-65.81728035
IMG5209_4,48.61932192,-6.117280351
IMG5210_1,11.71932192,35.48271965
IMG5211_1,-78.78067808,144.4827197
IMG5212_2,-16.48067808,14.38271965
IMG5213_5,50.31932192,-17.11728035
IMG5214_4,81.21932192,-33.21728035
IMG5215_1,-119.3806781,18.98271965
IMG5216_4,-70.98067808,34.18271965
IMG5217_1,9.419321918,33.58271965
IMG5218_4,13.51932192,29.38271965
IMG5219_5,-74.98067808,127.0827196
IMG5220_3,45.61932192,-0.71728035
IMG5221_4,36.91932192,4.18271965
IMG5222_3,7.119321918,20.68271965
IMG5223_5,-32.38067808,56.48271965
IMG5224_5,3.219321918,-54.41728035
IMG5225_2,0.419321918,33.78271965
IMG5226_4,-96.98067808,92.88271965
IMG5227_3,58.51932192,-56.61728035
IMG5228_1,55.81932192,-46.61728035
IMG5229_1,66.01932192,-26.51728035
IMG5230_1,-131.2806781,41.38271965
IMG5231_3,-43.38067808,44.68271965
IMG5232_2,10.91932192,24.68271965
IMG5233_2,2.019321919,-71.31728035
IMG5234_3,-40.08067808,54.58271965
IMG5235_4,32.71932192,5.28271965
IMG5236_4,5.819321919,22.38271965
IMG5237_1,52.01932192,4.882719649
IMG5238_2,65.31932192,-32.51728035
IMG5239_3,-117.3806781,54.68271965
IMG5240_4,57.41932192,-67.41728035
IMG5241_5,-60.58067808,41.78271965
IMG5242_4,45.11932192,-11.21728035
IMG5243_3,54.01932192,-48.71728035
IMG5244_3,-134.4806781,65.48271965
IMG5245_1,43.31932192,-22.41728035
IMG5246_4,46.31932192,-21.71728035
IMG5247_3,52.91932192,-62.81728035
IMG5248_3,-67.48067808,30.98271965
IMG5249_2,44.31932192,-51.41728035
IMG5250_1,8.219321919,41.48271965
IMG5251_3,5.119321918,-25.01728035
IMG5252_5,-2.280678082,25.08271965
IMG5253_5,-109.0806781,85.28271965
IMG5254_5,45.31932192,-18.81728035
IMG5255_5,-1.080678082,33.88271965
IMG5256_2,74.21932192,-39.61728035
IMG5257_1,26.41932192,-70.61728035
IMG5258_2,6.619321918,-66.91728035
IMG5259_1,-103.4806781,20.58271965
IMG5260_4,-65.28067808,42.08271965
IMG5261_1,-5.080678082,-27.01728035
IMG5262_2,65.11932192,-58.51728035
IMG5263_2,20.61932192,23.98271965
IMG5264_4,-60.38067808,67.58271965
IMG5265_2,-32.38067808,56.48271965
IMG5266_5,41.51932192,-20.51728035
IMG5267_1,-108.6806781,122.0827196
IMG5268_4,-42.28067808,46.68271965
IMG5269_3,51.81932192,-0.11728035
IMG5270_5,-38.28067808,44.28271965
IMG5271_4,50.51932192,5.68271965
IMG5272_1,37.41932192,-91.31728035
IMG5273_3,-0.780678081,-21.31728035
IMG5274_2,15.31932192,31.78271965
IMG5275_4,-7.780678082,24.58271965
IMG5276_2,-95.98067808,11.78271965
IMG5277_3,43.81932192,-65.21728035
IMG5278_5,47.81932192,-61.01728035
IMG5279_5,28.41932192,-60.91728035
IMG5280_1,11.51932192,-5.817280351
IMG5281_1,47.71932192,-15.41728035
IMG5282_1,49.01932192,1.782719649
IMG5283_5,41.01932192,7.88271965
IMG5284_3,78.51932192,-24.61728035
IMG5285_1,22.51932192,23.78271965
IMG5286_3,40.51932192,-19.21728035
IMG5287_3,-11.78067808,27.48271965
IMG5288_5,44.81932192,13.18271965
IMG5289_2,41.41932192,11.48271965
IMG5290_2,35.71932192,6.88271965
IMG5291_2,25.41932192,-8.01728035
IMG5292_5,20.01932192,-2.717280351
IMG5293_3,40.51932192,5.18271965
IMG5294_1,45.31932192,10.58271965
IMG5295_5,-31.88067808,59.18271965
IMG5296_2,-95.78067808,97.18271965
IMG5297_5,30.31932192,-73.01728035
IMG5298_5,-0.880678081,-71.01728035
IMG5299_4,47.31932192,-20.21728035
IMG5300_2,-49.68067808,18.48271965
IMG5301_4,8.919321918,35.08271965
IMG5302_3,-99.88067808,35.08271965
IMG5303_5,-13.78067808,34.08271965
IMG5304_4,-111.6806781,91.58271965
IMG5305_5,55.61932192,-1.21728035
IMG5306_3,-0.680678082,-68.61728035
IMG5307_5,37.41932192,-91.31728035
IMG5308_2,6.419321919,-59.11728035
IMG5309_2,13.61932192,26.18271965
IMG5310_2,16.91932192,13.68271965
IMG5311_3,43.81932192,-65.21728035
IMG5312_4,48.71932192,-16.11728035
IMG5313_4,36.81932192,8.48271965
IMG5314_5,-61.48067808,65.88271965
IMG5315_2,42.71932192,-54.21728035
IMG5316_1,-118.4806781,91.98271965
IMG5317_1,15.21932192,24.58271965
IMG5318_3,55.41932192,-48.31728035
IMG5319_1,63.41932192,-35.91728035
IMG5320_2,48.81932192,10.38271965
IMG5321_2,63.91932192,-61.51728035
IMG5322_4,56.41932192,-52.21728035
IMG5323_3,-115.1806781,85.68271965
IMG5324_5,35.31932192,-26.91728035
IMG5325_4,27.91932192,-76.41728035
IMG5326_5,-65.78067808,85.08271965
IMG5327_3,23.11932192,-73.01728035
IMG5328_1,-109.2806781,48.58271965
IMG5329_1,-1.280678082,36.88271965
IMG5330_3,56.71932192,-14.61728035
IMG5331_1,23.71932192,0.18271965
IMG5332_1,71.41932192,-29.11728035
IMG5333_2,15.91932192,-61.51728035
IMG5334_3,34.31932192,-23.01728035
IMG5335_2,5.519321918,-63.71728035
IMG5336_5,-122.0806781,43.68271965
IMG5337_1,37.61932192,7.382719649
IMG5338_4,56.51932192,-69.91728035
IMG5339_1,9.719321919,-26.21728035
IMG5340_2,-102.0806781,14.28271965
IMG5341_4,-58.48067808,32.78271965
IMG5342_2,-171.1806781,73.78271965
IMG5343_2,8.019321919,-58.21728035
IMG5344_5,-2.080678081,-71.81728035
IMG5345_2,-69.78067808,107.0827197
IMG5346_1,-105.7806781,87.58271965
IMG5347_5,-126.8806781,115.2827196
IMG5348_4,-75.98067808,40.68271965
IMG5349_3,18.11932192,28.38271965
IMG5350_1,4.219321919,40.88271965
IMG5351_3,8.819321918,-23.61728035
IMG5352_5,-65.28067808,42.08271965
IMG5353_1,74.91932192,-26.81728035
IMG5354_4,-2.080678081,-68.11728035
IMG5355_5,65.21932192,-20.91728035
IMG5356_3,-9.280678081,28.78271965
IMG5357_2,7.919321918,38.18271965
IMG5358_5,-95.28067808,61.48271965
IMG5359_5,38.21932192,3.98271965
IMG5360_5,12.11932192,14.38271965
IMG5361_1,-0.780678081,-62.91728035
IMG5362_2,32.71932192,2.48271965
IMG5363_1,-33.68067808,29.98271965
IMG5364_1,-95.48067808,107.9827196
IMG5365_4,-9.380678081,3.58271965
IMG5366_4,12.71932192,-70.21728035
IMG5367_4,-10.08067808,-9.01728035
IMG5368_2,-99.78067808,104.1827196
IMG5369_2,-31.48067808,39.58271965
IMG5370_2,-52.38067808,2.98271965
IMG5371_2,46.41932192,-65.21728035
IMG5372_5,54.81932192,-18.01728035
IMG5373_4,-95.28067808,37.28271965
IMG5374_4,23.41932192,-47.01728035
IMG5375_4,49.21932192,-19.11728035
IMG5376_2,84.31932192,-30.31728035
IMG5377_4,-51.78067808,38.78271965
IMG5378_1,47.41932192,-53.71728035
IMG5379_5,-65.28067808,42.08271965
IMG5380_1,24.71932192,-80.01728035
IMG5381_3,-28.28067808,41.88271965
IMG5382_2,13.11932192,-59.41728035
IMG5383_1,55.41932192,-50.81728035
IMG5384_4,-51.38067808,30.08271965
IMG5385_2,5.519321918,-63.71728035
IMG5386_2,3.219321918,-54.41728035
IMG5387_2,50.11932192,-58.51728035
IMG5388_3,77.31932192,-40.61728035
IMG5389_2,-11.98067808,-6.117280351
IMG5390_4,-149.7806781,30.88271965
IMG5391_4,-82.98067808,112.8827196
IMG5392_1,17.81932192,-59.01728035
IMG5393_2,39.71932192,7.08271965
IMG5394_3,47.51932192,-36.51728035
IMG5395_1,53.01932192,3.78271965
IMG5396_2,-4.080678082,25.18271965
IMG5397_3,38.01932192,-74.21728035
IMG5398_4,38.01932192,6.282719649
IMG5399_4,8.719321919,23.48271965
IMG5400_3,26.91932192,-78.61728035
IMG5401_5,66.11932192,-41.51728035
IMG5402_5,76.81932192,-39.71728035
IMG5403_1,9.819321919,31.38271965
IMG5404_4,-125.7806781,39.08271965
IMG5405_5,18.51932192,27.28271965
IMG5406_2,-125.4806781,64.08271965
IMG5407_2,28.21932192,-12.31728035
IMG5408_2,60.41932192,-58.91728035
IMG5409_2,-127.9806781,110.8827196
IMG5410_1,43.51932192,6.58271965
IMG5411_4,23.41932192,-47.01728035
IMG5412_4,38.01932192,2.98271965
IMG5413_4,6.419321919,37.48271965
IMG5414_2,82.21932192,-19.21728035
IMG5415_4,14.71932192,-62.31728035
IMG5416_5,-3.680678081,-14.21728035
IMG5417_3,-100.1806781,53.48271965
IMG5418_4,47.71932192,-15.41728035
IMG5419_4,-154.4806781,16.58271965
IMG5420_1,4.119321919,-65.21728035
IMG5421_4,43.81932192,-65.21728035
IMG5422_1,58.71932192,-12.61728035
IMG5423_3,3.419321918,-69.11728035
IMG5424_4,32.71932192,-66.01728035
IMG5425_4,55.21932192,-47.01728035
IMG5426_5,-52.78067808,7.08271965
IMG5427_1,48.61932192,-6.117280351
IMG5428_2,16.01932192,26.38271965
IMG5429_3,38.41932192,8.28271965
IMG5430_3,10.11932192,17.08271965
IMG5431_3,-10.68067808,32.88271965
IMG5432_1,45.21932192,5.68271965
IMG5433_4,-14.68067808,0.98271965
IMG5434_1,46.81932192,-59.71728035
IMG5435_1,38.41932192,8.28271965
IMG5436_3,-47.28067808,48.28271965
IMG5437_3,40.31932192,7.48271965
IMG5438_3,-111.3806781,87.98271965
IMG5439_2,59.71932192,-65.71728035
IMG5440_1,8.819321918,41.58271965
IMG5441_2,-31.38067808,15.08271965
IMG5442_1,52.71932192,2.78271965
IMG5443_3,62.21932192,-27.11728035
IMG5444_3,58.71932192,-12.61728035
IMG5445_4,36.21932192,-27.41728035
IMG5446_1,62.21932192,-56.11728035
IMG5447_3,-94.38067808,134.6827196
IMG5448_5,-73.08067808,56.58271965
IMG5449_1,69.01932192,-34.71728035
IMG5450_5,28.11932192,-73.01728035
IMG5451_3,-5.380678081,28.98271965
IMG5452_3,72.91932192,-28.01728035
IMG5453_1,44.21932192,12.78271965
IMG5454_4,-1.580678082,37.28271965
IMG5455_3,49.21932192,-19.11728035
IMG5456_3,6.619321918,-66.51728035
IMG5457_3,32.71932192,2.48271965
IMG5458_5,-134.6806781,78.48271965
IMG5459_5,-93.28067808,23.78271965
IMG5460_4,14.21932192,21.68271965
IMG5461_4,27.61932192,-72.11728035
IMG5462_4,64.61932192,-62.41728035
IMG5463_2,9.819321919,19.18271965
IMG5464_3,-127.7806781,104.9827196
IMG5465_2,53.31932192,-59.21728035
IMG5466_2,3.919321918,-64.71728035
IMG5467_2,19.21932192,8.48271965
IMG5468_1,6.519321919,-8.41728035
IMG5469_2,13.31932192,26.68271965
IMG5470_3,38.21932192,3.98271965
IMG5471_2,4.519321918,-70.71728035
IMG5472_4,-121.6806781,38.68271965
IMG5473_1,-2.180678082,-69.91728035
IMG5474_1,45.31932192,-18.81728035
IMG5475_5,15.81932192,30.98271965
IMG5476_2,47.81932192,-18.71728035
IMG5477_5,-2.380678082,35.88271965
IMG5478_4,-138.0806781,107.3827196
IMG5479_5,-111.8806781,125.6827196
IMG5480_4,-49.88067808,36.28271965
IMG5481_2,44.31932192,-51.61728035
IMG5482_1,-88.98067808,101.1827196
IMG5483_2,56.81932192,-16.31728035
IMG5484_4,-115.2806781,54.68271965
IMG5485_3,55.21932192,-47.01728035
IMG5486_2,37.51932192,-26.81728035
